https://github.com/mattmakai/choose-your-own-adventure-presentations.git, /cyoa/views.py
https://github.com/miguelgrinberg/microblog.git, app/views.py
https://github.com/mjhea0/flaskr-tdd.git, app.py
https://gist.github.com/coleifer/632d3c9aa6b2ea519384, views.py
https://github.com/BouncyNudibranch/bean-counter.git, app/views.py
https://github.com/sh4nks/flaskbb.git, flaskbb/app.py
https://github.com/Jahaja/psdash.git, web.py
https://github.com/j4mie/brightonpy.org.git, brighton.py
https://github.com/sopython/sopython-site.git, sopy/canon/views.py
https://github.com/sharms/HomePage.git, homepage.py
https://github.com/dcolish/Cockerel.git, cockerel/webapp/frontend.py
https://github.com/rafaelmartins/blohg.git, blohg/views.py
https://github.com/docker/docker-registry.git, docker_registry/index.py
https://github.com/baijum/getpython3.git, py3k/main.py
https://github.com/peterhend/schools.git, schools.py
https://github.com/mitsuhiko/flask-pastebin.git, pastebin.py
https://github.com/Runscope/httpbin.git, httpbin/core.py
https://github.com/Thalmann/sync-engine, inbox/mailsync/frontend.py
https://github.com/mitsuhiko/bf3-aggregator.git, bf3.py
https://github.com/sfermigier/Planet-GTLL.git, ring/server.py
https://github.com/hasgeek/hasjob.git, hasjob/views/helper.py
https://github.com/reddit/reddit.git, scripts/tracker.py
https://github.com/lincolnloop/emailed-me.git, application.py
https://github.com/skylines-project/skylines.git, skylines/app.py
https://github.com/viniciusfs/pasted-flask, pasted-flask/pasted.py
https://github.com/Cornu/Brain, Brain/brain/__init__.py
https://github.com/fsouza/flask-rest-example, flask-rest-example/library.py
https://github.com/tokibito/flask-hgwebcommit, flask-hgwebcommit/hgwebcommit/__init__.py
https://github.com/viniciusfs/pasted-flask, pasted-flask/pasted.py
https://github.com/Cornu/Brain, Brain/brain/__init__.py
https://github.com/fsouza/flask-rest-example, flask-rest-example/library.py
https://github.com/tokibito/flask-hgwebcommit, flask-hgwebcommit/hgwebcommit/__init__.py
https://github.com/teohm/flitter, flitter/flitter/__init__.py
https://github.com/viniciusfs/pasted-flask, pasted-flask/pasted.py
https://github.com/Cornu/Brain, Brain/brain/__init__.py
https://github.com/fsouza/flask-rest-example, flask-rest-example/library.py
https://github.com/tokibito/flask-hgwebcommit, flask-hgwebcommit/hgwebcommit/__init__.py
https://github.com/teohm/flitter, flitter/flitter/__init__.py
https://github.com/crisisking/bsg-raffle, bsg-raffle/raffle.py
https://github.com/almet/semantic-bookclub, semantic-bookclub/app/web.py
https://github.com/tdryer/flask-forum, flask-forum/app.py
https://github.com/barnslig/foreveralonebook, foreveralonebook/foreveralonebook.py
https://github.com/coleifer/flask-peewee, flask-peewee/example/app.py
https://github.com/amehta/Flaskly, Flaskly/flaskly.py
https://github.com/RDFLib/rdflib-web, rdflib-web/rdflib_web/lod.py
https://github.com/maxcountryman/flask-login, flask-login/test_login.py
https://github.com/wooptoo/flask-seed, flask-seed/app.py
https://github.com/dtotheb/Flask-Control, Flask-Control/FlaskControl.py
https://github.com/gofetch/fetchweb, fetchweb/fetchweb/__init__.py
https://github.com/gofetch/fetchweb, fetchweb/fetchweb/__init__.py
https://github.com/svieira/Flask-HipPocket, Flask-HipPocket/flask_hippocket/pocket.py
https://github.com/mfa/weight-app, weight-app/weight/main.py
https://github.com/Senso/fiasco-flask, fiasco-flask/fiasco/__init__.py
https://github.com/encodes/flask-snippet, flask-snippet/app/__init__.py
https://github.com/ciaron/pandaflask_old, pandaflask_old/pandachrome.py
https://github.com/encodes/flask-snippet, flask-snippet/app/__init__.py
https://github.com/sijinjoseph/multunus-puzzle, multunus-puzzle/src/app.py
https://github.com/addumb/toyapp, toyapp/toy/__init__.py
https://github.com/fallingfree/flask-principal-simple-example, flask-principal-simple-example/auth.py
https://github.com/DartmouthHackerClub/flask_template, flask_template/app.py
https://github.com/Citizen01/Kozea-project1, Kozea-project1/index.py
https://github.com/ipedrazas/surl, surl/shortener.py
https://github.com/MalphasWats/pyDimension, pyDimension/pyDimension/__init__.py
https://github.com/jvoisin/pyste, pyste/flaskr.py
https://github.com/jualvarez/worktracker, worktracker/worktracker.py
https://github.com/pengfei-xue/openshift-flask-mongdb, openshift-flask-mongdb/blog/main.py
https://github.com/drawcode/flask-template-basic, flask-template-basic/app/__init__.py
https://github.com/JunilJacob/Paint-app-using-Flask, Paint-app-using-Flask/hello.py
https://github.com/DanielleSucher/BookQueue, BookQueue/app.py
https://github.com/bazerk/baz-flask-base, baz-flask-base/app/app.py
https://github.com/rehandalal/flask-mobility, flask-mobility/flask_mobility/tests/test_decorators.py
https://github.com/danillosouza/flask-boilerplate, flask-boilerplate/app/__init__.py
https://github.com/honestappalachia/honest_site, honest_site/run.py
https://github.com/prabeesh/Paintapp-Javascript-Canvas-Flask, Paintapp-Javascript-Canvas-Flask/test.py
https://github.com/soniacs/cabinet, cabinet/app/__init__.py
https://github.com/Treeki/bitBoard, bitBoard/bitBoard/__init__.py
https://github.com/maxcountryman/flask-simpleoauth, flask-simpleoauth/flask_simpleoauth/app.py
https://github.com/codergirl/flaskbabar, flaskbabar/hello.py
https://github.com/fabin/Flask-Upload, Flask-Upload/upload/__init__.py
https://github.com/Joinhack/agent, agent/flask_sqlalchemy.py
https://github.com/liontree/lemonbook, lemonbook/__init__.py
https://github.com/lepture/flask-oauthlib, flask-oauthlib/flask_oauthlib/provider/oauth1.py
https://github.com/plastboks/Flaskmarks, Flaskmarks/flaskmarks/__init__.py
https://github.com/Joinhack/agent, agent/flask_sqlalchemy.py
https://github.com/ricardorego/FlaskTaskr, FlaskTaskr/flasktaskr.py
https://github.com/col42dev/todoAPIServer, todoAPIServer/todo.py
https://github.com/pnelson/flask-passport, flask-passport/flask_passport.py
https://github.com/turnkey-commerce/flask-notes, flask-notes/app.py
https://github.com/NathanKleekamp/social-login, social-login/app/__init__.py
https://github.com/duncanmurray/Python-Flask-Training, Python-Flask-Training/app1.py
https://github.com/viniciusfs/pasted-flask, pasted-flask/pasted.py
https://github.com/Cornu/Brain, Brain/brain/__init__.py
https://github.com/harmon25/flask_base, flask_base/base_flask/__init__.py
https://github.com/rainulf/flask-init, flask-init/app/__init__.py
https://github.com/Ottermad/Python-Flask-Odot, Python-Flask-Odot/app.py
https://github.com/myevan/creating-in-flask, creating-in-flask/official_tutorial/05_the_view_functions/flaskr/flaskr_the_view_functions_main.py
https://github.com/cwilkes/turbo-wookie, turbo-wookie/api/app.py
https://github.com/unite128/scorpius, scorpius/__init__.py
https://github.com/tsaltas/posts-api, posts-api/posts/__init__.py
https://github.com/bear/python-indieweb, python-indieweb/indieweb.py
https://github.com/wright8191/flask-echo-server, flask-echo-server/echo.py
https://github.com/nakulpathak3/flask-rest-api, flask-rest-api/app.py
https://github.com/amydshelton/API_tutorial, API_tutorial/app.py
https://github.com/gergob/flask_web, flask_web/app.py
https://github.com/bobcolner/material-girl, material-girl/app/__init__.py
https://github.com/greedo/flask-oauth2-devices, flask-oauth2-devices/myservice.py
https://github.com/mattgathu/flask-celery, flask-celery/flascelery/__init__.py
https://github.com/nsnitesh7/Rest-Api-Flask, Rest-Api-Flask/app.py
https://github.com/LiQing8839/flask-mysql-exemplo, flask-mysql-exemplo/app.py
https://github.com/ArunRamachandran/Student_App_using-Flask, Student_App_using-Flask/app/__init__.py
https://github.com/Flask-Framework-Cookbook/Chapter-6, Chapter-6/my_app/__init__.py
https://github.com/mattgathu/flask-celery, flask-celery/flascelery/__init__.py
https://github.com/ArunRamachandran/Student_App_using-Flask, Student_App_using-Flask/app/__init__.py
https://github.com/SPRIME01/Flask-Boilerplate, Flask-Boilerplate/Application/__init__.py
https://github.com/george-silva/speed-flask, speed-flask/src/flaskr/flaskr.py
https://github.com/Dit81/links-saver, links-saver/links_app.py
https://github.com/mbyta/socially, socially/app/__init__.py
https://github.com/patrickbeeson/has-it-ever-been, has-it-ever-been/tests.py
https://github.com/aachik/blog_flask_practica, blog_flask_practica/blog.py
https://github.com/moranned/flask_api_example, flask_api_example/app.py
https://github.com/goncharovms/flask_library, flask_library/app/__init__.py
https://github.com/moranned/flask_api_example, flask_api_example/app.py
https://github.com/goncharovms/flask_library, flask_library/app/__init__.py
https://github.com/johnwook/flask-restful-todo, flask-restful-todo/app.py
https://github.com/rmotr/example-flask-app, example-flask-app/rmotr/app.py
https://github.com/mbasanta/QR5Server, QR5Server/qr5server/__init__.py
https://github.com/donalcarpenter/lolcatfancier, lolcatfancier/app.py
https://github.com/jinpark/imageresizer, imageresizer/app.py
https://github.com/JoeAcanfora/CrowdSite, CrowdSite/flask_app.py
https://github.com/andrej2704/flaskplayground, flaskplayground/flaskAuth.py
https://github.com/decodigoyalgomas/Flask-Tutorial-RPG-Manager, Flask-Tutorial-RPG-Manager/app/__init__.py
https://github.com/syndbg/flask-url-shortener, flask-url-shortener/url_shortener/app.py
https://github.com/jpf/okta-pysaml2-example, okta-pysaml2-example/app.py
https://github.com/jjk425/FlaskFun, FlaskFun/app.py
https://github.com/decodigoyalgomas/Flask-Tutorial-RPG-Manager, Flask-Tutorial-RPG-Manager/app/__init__.py
https://github.com/johanneshhl/johanness-flask-boilerplate, johanness-flask-boilerplate/application/__init__.py
https://github.com/thatarchguy/FFA-CTF-Scoring-Engine-Flask, FFA-CTF-Scoring-Engine-Flask/ctfscore/__init__.py
https://github.com/firebender/thinkful-flask, thinkful-flask/blog/__init__.py
https://github.com/hipol/Discussion-Forum-Api, Discussion-Forum-Api/app/__init__.py
https://github.com/ichris56/login-form, login-form/index.py
https://github.com/oakie/oauth-flask-template, oauth-flask-template/auth.py
https://github.com/war-room-game/war_room-flask, war_room-flask/src/server.py
https://github.com/BurningPixel/FlaskLoginExample, FlaskLoginExample/app.py
https://github.com/jon-engelbert/flask-oauth-restaurant, flask-oauth-restaurant/pkg/__init__.py
https://github.com/kcart/FLASKHW, FLASKHW/directory.py
https://github.com/BurningPixel/FlaskLoginExample, FlaskLoginExample/app.py
https://github.com/jon-engelbert/flask-oauth-restaurant, flask-oauth-restaurant/pkg/__init__.py
https://github.com/00000111/flask_rma, flask_rma/app/__init__.py
https://github.com/michaelreid/flask-api-posts, flask-api-posts/posts/__init__.py
https://github.com/rubenwardy/minetest_web_panel, minetest_web_panel/web_panel/__init__.py
https://github.com/imidya/WebCalculator, WebCalculator/run.py
https://github.com/miguelgrinberg/flasky-with-celery, flasky-with-celery/app/__init__.py
https://github.com/russomi/flasky-appengine, flasky-appengine/app/__init__.py
https://github.com/dannguyen/flask-firerain, flask-firerain/app.py
https://github.com/Leo-G/Flask-Search, Flask-Search/app/__init__.py
https://github.com/infoliebich123/Web-Application-with-Flask, Web-Application-with-Flask/app/__init__.py
https://github.com/KolevDarko/flasky-extended, flasky-extended/app/__init__.py
https://github.com/varunrisbud/StarBucks, StarBucks/OrderQueue.py
https://github.com/miguelgrinberg/flasky-with-celery, flasky-with-celery/app/__init__.py
https://github.com/russomi/flasky-appengine, flasky-appengine/app/__init__.py
https://github.com/Leo-G/Flask-Search, Flask-Search/app/__init__.py
https://github.com/aantonw/notesapi, notesapi/notesapi.py
https://github.com/matteotiziano/secret-harbor, secret-harbor/app.py
https://github.com/jlybianto/flask_api_posts, flask_api_posts/posts/__init__.py
https://github.com/travelton/pork, pork/pork/pork.py
https://github.com/aantonw/notesapi, notesapi/notesapi.py
https://github.com/markmuetz/flask-1000earths, flask-1000earths/app.py
https://github.com/nicovogelaar/time-tracker-flask, time-tracker-flask/app/__init__.py
https://github.com/nmaltais/python_flask_project, python_flask_project/hello.py
https://github.com/ShermanMorrison/taskapp, taskapp/project/__init__.py
https://github.com/pkulev/mblog, mblog/mblog/__init__.py
https://github.com/VicarEscaped/xlsgen_service, xlsgen_service/app/__init__.py
https://github.com/prashannth/flask-cassandra, flask-cassandra/app/__init__.py
https://github.com/eon01/flask_restful_sample, flask_restful_sample/apirest.py
https://github.com/haydarmiftahul/flask-microblogging, flask-microblogging/app.py
https://github.com/Turbo87/flask-oauth2-test, flask-oauth2-test/server.py
https://github.com/pkulev/mblog, mblog/mblog/__init__.py
https://github.com/bidhan-a/flasknotes, flasknotes/api.py
https://github.com/BlaiseGratton/which_flask, which_flask/app.py
https://github.com/Yanze/restau_management_flask, restau_management_flask/restau_management_flask/__init__.py
https://github.com/bidhan-a/flasknotes, flasknotes/api.py
https://github.com/nausheenfatma/WebAppWithFlask, WebAppWithFlask/model.py
https://github.com/RicoChou/MyFlasky, MyFlasky/app/__init__.py
https://github.com/heamon7/learn-restful, learn-restful/app.py
https://github.com/brittanymcgarr/learningFlask, learningFlask/FlaskPractice/app/app.py
https://github.com/RodrigoVillatoro/flask_social_network, flask_social_network/app/__init__.py
https://github.com/nausheenfatma/WebAppWithFlask, WebAppWithFlask/model.py
https://github.com/sheldonsmickley/flaskemail_app, flaskemail_app/emails.py
https://github.com/shas15/Betting-Chips, Betting-Chips/test.py
https://github.com/aetherwu/Flask-Docker-Template, Flask-Docker-Template/flask/web/__init__.py
https://github.com/AngelMunoz/Flask-Blueprints-Template, Flask-Blueprints-Template/app/__init__.py
https://github.com/saviour123/flaskStudentData, flaskStudentData/app.py
https://github.com/AngelMunoz/Flask-Blueprints-Template, Flask-Blueprints-Template/app/__init__.py
https://github.com/tolmun/flask-ng-sample, flask-ng-sample/project/__init__.py
https://github.com/awind/FlaskRestful, FlaskRestful/app/__init__.py
https://github.com/IvanBodnar/fromzero_flask_blog, fromzero_flask_blog/__init__.py
https://github.com/AllyW/flaskyDeb, flaskyDeb/app/__init__.py
https://github.com/ubbochum/hb2_flask, hb2_flask/hb2_flask.py
https://github.com/billyfung/flask_shortener, flask_shortener/app.py
https://github.com/AllyW/flaskyDeb, flaskyDeb/app/__init__.py
https://github.com/billyfung/flask_shortener, flask_shortener/app.py
https://github.com/s-kovacevic/elearning-flask, elearning-flask/main.py
https://github.com/xpleaf/flask_catalog, flask_catalog/my_app/__init__.py
https://github.com/HYL13/flask_project_0, flask_project_0/app/__init__.py
https://github.com/kfiras/cloudfoundry-flask-webservice, cloudfoundry-flask-webservice/app.py
https://github.com/ssam123/flask-blog-tutorial, flask-blog-tutorial/__init__.py
https://github.com/kloudsec/py-webkit2png-flask-api, py-webkit2png-flask-api/api/app.py
https://github.com/s-kovacevic/elearning-flask, elearning-flask/main.py
https://github.com/rholmes69/flasky2_1, flasky2_1/app/__init__.py
https://github.com/jcerise/openspacesboard-python, openspacesboard-python/osbp_app/__init__.py
https://github.com/icecraft/ZhiHuDaemon, ZhiHuDaemon/app/__init__.py
https://github.com/NJIT-SIG-WEBDEV/Flask-URL-Shortner, Flask-URL-Shortner/app.py
https://github.com/danleyb2/flaskMe, flaskMe/flaskREST.py
https://github.com/honmaple/flask-word, flask-word/app/__init__.py
https://github.com/arvvvs/Flask-Practice-Metis-Delivery, Flask-Practice-Metis-Delivery/app.py
https://github.com/tanzhixu/Flask-oauth, Flask-oauth/app/__init__.py
https://github.com/mnzr/Flask-Blueprint-test, Flask-Blueprint-test/app/__init__.py
https://github.com/TheCypher/flask-boiler-plate, flask-boiler-plate/app/__init__.py
https://github.com/lkpanganiban/flask-rest-example, flask-rest-example/app.py
https://github.com/Christomas/i_dev_flask, i_dev_flask/app/__init__.py
https://github.com/gene1wood/flaskoktaapp, flaskoktaapp/flaskoktaapp/__init__.py
https://github.com/kosen10spajam/f-flask, f-flask/main.py
https://github.com/engfilipe/curso_flask, curso_flask/photolog/__init__.py
https://github.com/Mamun-dueee/flask, flask/setup.py
https://github.com/13923858795/Tutorial, Tutorial/my/app/__init__.py
https://github.com/feocco/flaskLab, flaskLab/app.py
https://github.com/novking/Flask_AWS, Flask_AWS/PlagiarismDefender/home.py
https://github.com/umutcoskun/flask-ready, flask-ready/src/app/__init__.py
https://github.com/natfoster82/flask-alcohol, flask-alcohol/example/app.py
https://github.com/Nonja/FlaskArticleSearchNYT, FlaskArticleSearchNYT/app/__init__.py
https://github.com/thomasobrien99/flask-movie-crud, flask-movie-crud/app.py
https://github.com/kmalfatti/library-flask-app, library-flask-app/app.py
https://github.com/aaossa/flask-openshift, flask-openshift/flask_openshift_template.py
https://github.com/Qqlick/flaskRP, flaskRP/flaskRP.py
https://github.com/coder-zhuyu/flask-framework, flask-framework/app/__init__.py
https://github.com/stephenjjones/flask-auth-service, flask-auth-service/app/__init__.py
https://github.com/Athsheep/Flask_Web_Development, Flask_Web_Development/app/__init__.py
https://github.com/learningpython08/flask-file-sharing, flask-file-sharing/upload/handlers.py
https://github.com/beibeiyang/cf-flask-bokeh-demo, cf-flask-bokeh-demo/stocks.py
https://github.com/Kontiomaa/flask-sqlalchemy-demo, flask-sqlalchemy-demo/app.py
https://github.com/PythonWorkshop/TensorFlowFlask, TensorFlowFlask/main.py
https://github.com/ja8zyjits/redis-flask, redis-flask/flask_app.py
https://github.com/cooleo/flask-cassandra, flask-cassandra/app/__init__.py
https://github.com/botheredbybees/flask-rss, flask-rss/headlines.py
https://github.com/wwpika/flaskww, flaskww/app/__init__.py
https://github.com/aig-/flask_google, flask_google/app.py
https://github.com/dhan12/Flaskblog, Flaskblog/run.py
https://github.com/Wangbicong/flask-newspaper, flask-newspaper/app/__init__.py
https://github.com/welserjr/Flask_Recaptcha, Flask_Recaptcha/app.py
https://github.com/brevno/test_pg_flask, test_pg_flask/app/__init__.py
https://github.com/feistiller/LearnPythonFlask, LearnPythonFlask/Demo1HelloWorld.py
https://github.com/afropolymath/papers, papers/api/__init__.py
https://github.com/Eyali1001/flaskcalculator, flaskcalculator/calculator.py
https://github.com/nenodias/flask-webservice, flask-webservice/app.py
https://github.com/aripddev/cms_flask, cms_flask/app/__init__.py
https://github.com/XiongZhijun/simple-flask, simple-flask/app/app.py
https://github.com/brizow/FlaskTriviaApp, FlaskTriviaApp/FlaskWebProject1/__init__.py
https://github.com/Chi-Qingjun/FlaskWechatDev, FlaskWechatDev/app/__init__.py
https://github.com/NexusRJ/react_flask_blog, react_flask_blog/app/__init__.py
https://github.com/jordanagreen/flask-todo-lists, flask-todo-lists/app.py
https://github.com/sampathweb/ml-cookiecutter-starter-flask-app, ml-cookiecutter-starter-flask-app/{{cookiecutter.repo_name}}/app/__init__.py
https://github.com/thippo/FlaskFrame, FlaskFrame/myweb/__init__.py
https://github.com/fantingdong/flasky1, flasky1/app/__init__.py
https://github.com/wccosby/flaskML, flaskML/app/__init__.py
https://github.com/nenodias/flask-webservice, flask-webservice/app.py
https://github.com/kwin-wang/flask-learn, flask-learn/hello.py
https://github.com/guoqiao/flask-examples, flask-examples/minitwit/minitwit.py
https://github.com/xawei/flask_gw, flask_gw/app/__init__.py
https://github.com/NataKuskova/Classwork_flask, Classwork_flask/script.py
https://github.com/BadSol/flask-vendor, flask-vendor/vendor/__init__.py
https://github.com/csyouk/faust-register-py, faust-register-py/register_server.py
https://github.com/lizTheDeveloper/__g26_flask, __g26_flask/model.py
https://github.com/thippo/FlaskFrame, FlaskFrame/myweb/__init__.py
https://github.com/JonathanFrederick/flask-cards, flask-cards/app.py
https://github.com/crhowell/plj-flask, plj-flask/app.py
https://github.com/HCT118/Flask-web, Flask-web/app/__init__.py
https://github.com/shutdown57/learning_flask, learning_flask/src/app.py
https://github.com/kuaiwu/MyFlask, MyFlask/app/__init__.py
https://github.com/upbit/flask_whiteboard, flask_whiteboard/main.py
https://github.com/lieuhon/First-Flask, First-Flask/app/__init__.py
https://github.com/csyouk/faust-register-py, faust-register-py/register_server.py
https://github.com/13923858795/Tutorial, Tutorial/my/app/__init__.py
https://github.com/feocco/flaskLab, flaskLab/app.py
https://github.com/asap/weather-wizard, weather-wizard/weather/__init__.py
https://github.com/pierrelux/flask-zotero, flask-zotero/zotero.py
https://github.com/nokurn/webhook, webhook/webhook/__init__.py
https://github.com/JGaard/GoogleDomain---AD-web-console, GoogleDomain---AD-web-console/__init__.py
https://github.com/1stvamp/flask-straw-poll, flask-straw-poll/flask_straw_poll/__init__.py
https://github.com/internetfett/flask-timekeeper, flask-timekeeper/main.py
https://github.com/merisbahti/mongodb-flask-fun, mongodb-flask-fun/index.py
https://github.com/andrewmetersky/spotify-flaskapp, spotify-flaskapp/routes.py
https://github.com/marselester/upload-a-file, upload-a-file/uploader/__init__.py
https://github.com/nouyang/WTFisThisRegister, WTFisThisRegister/WTFisThisRegister.py
https://github.com/JGaard/GoogleDomain---AD-web-console, GoogleDomain---AD-web-console/__init__.py
https://github.com/kylewmoser/HistoryEmergent, HistoryEmergent/historyemergent/__init__.py
https://github.com/petertbernhardt/FlaskPostGetTest, FlaskPostGetTest/main/__init__.py
https://github.com/insom/dogefaucet, dogefaucet/main.py
https://github.com/johnrork/skeletor, skeletor/__init__.py
https://github.com/Zizzamia/tasty-flask-app, tasty-flask-app/shared.py
https://github.com/mjp2220/my_first_flask, my_first_flask/app.py
https://github.com/cogell/learningPythonFlask, learningPythonFlask/app/__init__.py
https://github.com/johnrork/skeletor, skeletor/__init__.py
https://github.com/moremorefor/flask-fileupload-ajax-example, flask-fileupload-ajax-example/app.py
https://github.com/Zizzamia/tasty-flask-app, tasty-flask-app/shared.py
https://github.com/mjhea0/music-streaming-flask, music-streaming-flask/app/__init__.py
https://github.com/rram/moneypenny, moneypenny/moneypenny.py
https://github.com/cogell/learningPythonFlask, learningPythonFlask/app/__init__.py
https://github.com/willfong/okgotit, okgotit/app.py
https://github.com/aliyarahman/code-for-progress-curriculum, code-for-progress-curriculum/app/__init__.py
https://github.com/Jahaja/psdash, psdash/psdash/run.py
https://github.com/drawcode/deployee-flask, deployee-flask/app/__init__.py
https://github.com/drawcode/blueprints-flask, blueprints-flask/app/__init__.py
https://github.com/vladkrylov/FlaskLoginTest, FlaskLoginTest/app/__init__.py
https://github.com/lingthio/Flask-User, Flask-User/example_apps/multi_email_app.py
https://github.com/Jahaja/psdash, psdash/psdash/run.py
https://github.com/sloria/webargs, webargs/examples/annotations_example.py
https://github.com/thinkingserious/api-design-with-apiaryio-python-and-flask, api-design-with-apiaryio-python-and-flask/app.py
https://github.com/tehpug/TehPUG-flask, TehPUG-flask/wsgi/app/__init__.py
https://github.com/moloch/flask_addressbook, flask_addressbook/addressbook/__init__.py
https://github.com/h4k1m0u/flask-rdv, flask-rdv/app.py
https://github.com/ko/sandbox-flask, sandbox-flask/flask-httpauth/main.py
https://github.com/vladkrylov/FlaskLoginTest, FlaskLoginTest/app/__init__.py
https://github.com/cevaris/flask-hk5, flask-hk5/mongoFlask/__init__.py
https://github.com/wiliamsouza/cars, cars/cars/__init__.py
https://github.com/artran/MyMdb, MyMdb/application.py
https://github.com/scjackson/twiceurl, twiceurl/twiceurl.py
https://github.com/okaram/learnmongo, learnmongo/FlaskApplication/__init__.py
https://github.com/lingthio/Flask-User, Flask-User/example_apps/multi_email_app.py
https://github.com/MarioZX/flask_thi, flask_thi/app/__init__.py
https://github.com/cevaris/flask-dating, flask-dating/dating/__init__.py
https://github.com/bradcypert/PyComoFlaskDemo, PyComoFlaskDemo/FlaskApi.py
https://github.com/ahh2131/pebmo-authorization-flask, pebmo-authorization-flask/__init__.py
https://github.com/scjackson/twiceurl, twiceurl/twiceurl.py
https://github.com/okaram/learnmongo, learnmongo/FlaskApplication/__init__.py
https://github.com/mikejamesthompson/magic-bins, magic-bins/app/__init__.py
https://github.com/miguelgrinberg/flask-pycon2014, flask-pycon2014/app/__init__.py
https://github.com/easonhan007/flyback_blog, flyback_blog/app.py
https://github.com/bradcypert/PyComoFlaskDemo, PyComoFlaskDemo/FlaskApi.py
https://github.com/avezhenya/musicstream, musicstream/app/__init__.py
https://github.com/qadeer05/qanalytics, qanalytics/qanalytics/__init__.py
https://github.com/cyberved/simple-web-proxy, simple-web-proxy/app.py
https://github.com/mapleoin/shorter, shorter/shorter/web.py
https://github.com/fogleman/RssToJson, RssToJson/rss_json/__init__.py
https://github.com/crimsoneer/FlaskQueueManager, FlaskQueueManager/app/__init__.py
https://github.com/nakul225/command-module, command-module/application.py
https://github.com/yhuili/Schedule, Schedule/sched/app.py
https://github.com/brianfarris/simplelogin, simplelogin/app/__init__.py
https://github.com/nfb-onf/nfbsearch-flask, nfbsearch-flask/nfbsearch_flask/nfbsearch_flask.py
https://github.com/ochen/flask-notification, flask-notification/app/__init__.py
https://github.com/oceanboy2012/flask-dev, flask-dev/app.py
https://github.com/crimsoneer/FlaskQueueManager, FlaskQueueManager/app/__init__.py
https://github.com/olegarioca/BDD-Behave-Flask, BDD-Behave-Flask/app.py
https://github.com/todo1991/doanpython, doanpython/app/__init__.py
https://github.com/gregimba/WhoRu, WhoRu/app.py
https://github.com/Albertorio/tweetBot, tweetBot/app.py
https://github.com/paddycarey/speelchecker, speelchecker/app.py
https://github.com/oceanboy2012/flask-dev, flask-dev/app.py
https://github.com/ochen/flask-notification, flask-notification/app/__init__.py
https://github.com/andriy-kulish/flask-book-library, flask-book-library/app/__init__.py
https://github.com/irdan/valorem-vis, valorem-vis/valoremvis/main.py
https://github.com/pahaz/FaceMash-flask, FaceMash-flask/_old/f_mash.py
https://github.com/saml/flask_contentnego, flask_contentnego/app.py
https://github.com/davedg629/RedditRatings, RedditRatings/app/__init__.py
https://github.com/ashleymcnamara/social_project_flask, social_project_flask/app.py
https://github.com/danilobellini/pyturing, pyturing/main.py
https://github.com/irdan/valorem-vis, valorem-vis/valoremvis/main.py
https://github.com/pallets/flask-website, flask-website/flask_website/__init__.py
https://github.com/disavowd/flask-pastebin, flask-pastebin/pastebin.py
https://github.com/saml/flask_contentnego, flask_contentnego/app.py
https://github.com/davidtwco/flask-markdown-app, flask-markdown-app/app/__init__.py
https://github.com/nicholsonjf/abacus, abacus/abacus.py
https://github.com/relsqui/openqdb, openqdb/app/__init__.py
https://github.com/fubuki/python-bookmark-service, python-bookmark-service/app.py
https://github.com/pallets/flask-website, flask-website/flask_website/__init__.py
https://github.com/ppmi-bsu/belt-server, belt-server/src/main.py
https://github.com/mskog/cheapskate, cheapskate/cheapskate.py
https://github.com/simonm/flaskCamel, flaskCamel/flaskcamel/__init__.py
https://github.com/Bloodevil/flask_cache_server, flask_cache_server/main.py
https://github.com/DMzda/cann-tables, cann-tables/cann_tables/__init__.py
https://github.com/elvinyung/quimbu, quimbu/quimbu.py
https://github.com/Rosk/flasqlite, flasqlite/app/__init__.py
https://github.com/marshmallow-code/flask-marshmallow, flask-marshmallow/flask_marshmallow/__init__.py
https://github.com/alyssaq/celery-flask-demo, celery-flask-demo/app.py
https://github.com/simonm/flaskCamel, flaskCamel/flaskcamel/__init__.py
https://github.com/tasti/Twittre, Twittre/twittre.py
https://github.com/elvinyung/quimbu, quimbu/quimbu.py
https://github.com/Amanda-Clark/BartStats, BartStats/BartStats/BartStats/BartStats.py
https://github.com/miguelgrinberg/flask-webcast, flask-webcast/03-forms/hello.py
https://github.com/yjroot/domainserver, domainserver/dnsserver/__init__.py
https://github.com/nyakiss/nyanblog, nyanblog/blogpy/__init__.py
https://github.com/miguelgrinberg/flask-webcast, flask-webcast/03-forms/hello.py
https://github.com/florije1988/FlaskJson, FlaskJson/FlaskJson/FlaskJson.py
https://github.com/LaunchKey/launchkey-flask, launchkey-flask/example/app.py
https://github.com/tildedave/cassandra-flask-sessions, cassandra-flask-sessions/server.py
https://github.com/elvinyung/florum, florum/app/__init__.py
https://github.com/ATRAN2/batimer, batimer/batimer.py
https://github.com/nyakiss/nyanblog, nyanblog/blogpy/__init__.py
https://github.com/karen-mikaela/terra_tv, terra_tv/terra_tv_car/__init__.py
https://github.com/gelioz/prom-test, prom-test/library/__init__.py
https://github.com/Smirl/teaflask, teaflask/app/__init__.py
https://github.com/dadadel/codelauncher, codelauncher/webdev.py
https://github.com/Rosuav/Flask1, Flask1/1.py
https://github.com/florije1988/FlaskJson, FlaskJson/FlaskJson/FlaskJson.py
https://github.com/lucasmcastro/pymdb, pymdb/manage.py
https://github.com/elvinyung/wiski, wiski/app.py
https://github.com/elvinyung/florum, florum/app/__init__.py
https://github.com/niijv/webvita, webvita/wsgi/webvita/__init__.py
https://github.com/gelioz/prom-test, prom-test/library/__init__.py
https://github.com/Rosuav/Flask1, Flask1/1.py
https://github.com/daboross/qxlc, qxlc/qxlc/__init__.py
https://github.com/xsteadfastx/praeger, praeger/app/app.py
https://github.com/Robpol86/Flask-Celery-Helper, Flask-Celery-Helper/tests/instances.py
https://github.com/itsnauman/shrt, shrt/app/__init__.py
https://github.com/jefftriplett/flask-whois, flask-whois/app.py
https://github.com/GandalfTheGandalf/twitter, twitter/hello.py
https://github.com/fernandojunior/rest_flaskr, rest_flaskr/app/__init__.py
https://github.com/miabbott/reserve-flask, reserve-flask/app/__init__.py
https://github.com/frimmy/flask-uploads-demo, flask-uploads-demo/app.py
https://github.com/ZCT/social_login, social_login/github.py
https://github.com/bembu/tidy, tidy/app/__init__.py
https://github.com/psychopenguin/wikiwarrior, wikiwarrior/wikiwarrior.py
https://github.com/yoniLavi/guess_me, guess_me/guess_me.py
https://github.com/mcgoddard/chatta, chatta/chatta.py
https://github.com/mcgoddard/HALON, HALON/halon.py
https://github.com/miguelgrinberg/Flask-SocketIO-Chat, Flask-SocketIO-Chat/app/__init__.py
https://github.com/jdiez17/flask-paypal, flask-paypal/app.py
https://github.com/CMGS/poll, poll/app.py
https://github.com/perjo927/Portfolio, Portfolio/server.py
https://github.com/DanielleSucher/BookQueue, BookQueue/app.py
https://github.com/50onRed/phillypug-flask, phillypug-flask/phillypug/app.py
https://github.com/JunilJacob/Paint-app-using-Flask, Paint-app-using-Flask/hello.py
https://github.com/perjo927/Portfolio, Portfolio/server.py
https://github.com/takosuke/pizzasuicideclub, pizzasuicideclub/psc_app/__init__.py
https://github.com/eadmundo/flask-static-blog, flask-static-blog/app/__init__.py
https://github.com/crcsmnky/thehotspot, thehotspot/v2/app.py
https://github.com/aranasaurus/android-demo-server, android-demo-server/app.py
https://github.com/ryanolson/flask-couchdb-schematics, flask-couchdb-schematics/example/guestbook.py
https://github.com/nutrislice/mandrill-webhook-redirector, mandrill-webhook-redirector/webhook-router.py
https://github.com/bazerk/baz-flask-base, baz-flask-base/app/app.py
https://github.com/ryanolson/flask-couchdb-schematics, flask-couchdb-schematics/example/guestbook.py
https://github.com/nutrislice/mandrill-webhook-redirector, mandrill-webhook-redirector/webhook-router.py
https://github.com/nthfloor/Flask_learn, Flask_learn/login_system/flskr.py
https://github.com/mmcgahan/flask-labs-bb, flask-labs-bb/flask_labs/__init__.py
https://github.com/penpyt/flask-couchdb-auth, flask-couchdb-auth/example/guestbook.py
https://github.com/honestappalachia/honest_site, honest_site/run.py
https://github.com/rehandalal/flask-mobility, flask-mobility/flask_mobility/tests/test_decorators.py
https://github.com/flyingsparx/MongoFlask, MongoFlask/application.py
https://github.com/fabionatali/DigiWebStats, DigiWebStats/app.py
https://github.com/danielholmstrom/flask-alchemyview, flask-alchemyview/tests/test_with_flask_sqlalchemy.py
https://github.com/futuregrid/flask_cm, flask_cm/examples/forms/app.py
https://github.com/craneon/debutante, debutante/app.py
https://github.com/prabeesh/Paintapp-Javascript-Canvas-Flask, Paintapp-Javascript-Canvas-Flask/test.py
https://github.com/godber/flask-mobile-switch, flask-mobile-switch/missionops/missionops/__init__.py
https://github.com/prabeesh/Paintapp-Javascript-Canvas-Flask-MongoDB, Paintapp-Javascript-Canvas-Flask-MongoDB/test.py
https://github.com/soniacs/mockup-boot, mockup-boot/build.py
https://github.com/trustrachel/Flask-FeatureFlags, Flask-FeatureFlags/tests/fixtures.py
https://github.com/landakram/squeak, squeak/app.py
https://github.com/soniacs/cabinet, cabinet/app/__init__.py
https://github.com/prabeesh/Paintapp-Javascript-Canvas-Flask-MongoDB, Paintapp-Javascript-Canvas-Flask-MongoDB/test.py
https://github.com/landakram/squeak, squeak/app.py
https://github.com/flebel/yt-redirector, yt-redirector/yt-redirector.py
https://github.com/codergirl/flaskbabar, flaskbabar/hello.py
https://github.com/mykolasmith/flask-leaderboard, flask-leaderboard/leaderboard/__init__.py
https://github.com/elimgoodman/Personnel-Flask, Personnel-Flask/app/__init__.py
https://github.com/subdesign/temp_Flaskblog, temp_Flaskblog/app.py
https://github.com/maxcountryman/flask-simpleoauth, flask-simpleoauth/flask_simpleoauth/app.py
https://github.com/dorajistyle/proposal_center_python_flask_sqlalchemy_jade, proposal_center_python_flask_sqlalchemy_jade/application/__init__.py
https://github.com/fabin/Flask-Upload, Flask-Upload/upload/__init__.py
https://github.com/manuclementz/shrt, shrt/app.py
https://github.com/liontree/lemonbook, lemonbook/__init__.py
https://github.com/fabin/Flask-Upload, Flask-Upload/upload/__init__.py
https://github.com/Treeki/bitBoard, bitBoard/bitBoard/__init__.py
https://github.com/marcilioleite/flask-saude, flask-saude/app/__init__.py
https://github.com/lepture/flask-oauthlib, flask-oauthlib/flask_oauthlib/provider/oauth1.py
https://github.com/plastboks/Flaskmarks, Flaskmarks/flaskmarks/__init__.py
https://github.com/AlexeyMK/gglto_flask, gglto_flask/gglto.py
https://github.com/sammyrulez/flask-grolla, flask-grolla/tests.py
https://github.com/Joinhack/agent, agent/flask_sqlalchemy.py
https://github.com/jdiez17/flask-paypal, flask-paypal/app.py
https://github.com/jdiez17/flask-paypal, flask-paypal/app.py
https://github.com/jdiez17/flask-paypal, flask-paypal/app.py
https://github.com/tarbell-project/tarbell, tarbell/tarbell/app.py
https://github.com/CMGS/poll, poll/app.py
https://github.com/perjo927/Portfolio, Portfolio/server.py
https://github.com/DanielleSucher/BookQueue, BookQueue/app.py
https://github.com/50onRed/phillypug-flask, phillypug-flask/phillypug/app.py
https://github.com/JunilJacob/Paint-app-using-Flask, Paint-app-using-Flask/hello.py
https://github.com/perjo927/Portfolio, Portfolio/server.py
https://github.com/takosuke/pizzasuicideclub, pizzasuicideclub/psc_app/__init__.py
https://github.com/eadmundo/flask-static-blog, flask-static-blog/app/__init__.py
https://github.com/crcsmnky/thehotspot, thehotspot/v2/app.py
https://github.com/aranasaurus/android-demo-server, android-demo-server/app.py
https://github.com/ryanolson/flask-couchdb-schematics, flask-couchdb-schematics/example/guestbook.py
https://github.com/nutrislice/mandrill-webhook-redirector, mandrill-webhook-redirector/webhook-router.py
https://github.com/bazerk/baz-flask-base, baz-flask-base/app/app.py
https://github.com/ryanolson/flask-couchdb-schematics, flask-couchdb-schematics/example/guestbook.py
https://github.com/nutrislice/mandrill-webhook-redirector, mandrill-webhook-redirector/webhook-router.py
https://github.com/nthfloor/Flask_learn, Flask_learn/login_system/flskr.py
https://github.com/mmcgahan/flask-labs-bb, flask-labs-bb/flask_labs/__init__.py
https://github.com/penpyt/flask-couchdb-auth, flask-couchdb-auth/example/guestbook.py
https://github.com/honestappalachia/honest_site, honest_site/run.py
https://github.com/rehandalal/flask-mobility, flask-mobility/flask_mobility/tests/test_decorators.py
https://github.com/flyingsparx/MongoFlask, MongoFlask/application.py
https://github.com/fabionatali/DigiWebStats, DigiWebStats/app.py
https://github.com/danielholmstrom/flask-alchemyview, flask-alchemyview/tests/test_with_flask_sqlalchemy.py
https://github.com/futuregrid/flask_cm, flask_cm/examples/forms/app.py
https://github.com/jdiez17/flask-paypal, flask-paypal/app.py
https://github.com/CMGS/poll, poll/app.py
https://github.com/perjo927/Portfolio, Portfolio/server.py
https://github.com/DanielleSucher/BookQueue, BookQueue/app.py
https://github.com/50onRed/phillypug-flask, phillypug-flask/phillypug/app.py
https://github.com/JunilJacob/Paint-app-using-Flask, Paint-app-using-Flask/hello.py
https://github.com/perjo927/Portfolio, Portfolio/server.py
https://github.com/takosuke/pizzasuicideclub, pizzasuicideclub/psc_app/__init__.py
https://github.com/eadmundo/flask-static-blog, flask-static-blog/app/__init__.py
https://github.com/crcsmnky/thehotspot, thehotspot/v2/app.py
https://github.com/aranasaurus/android-demo-server, android-demo-server/app.py
https://github.com/ryanolson/flask-couchdb-schematics, flask-couchdb-schematics/example/guestbook.py
https://github.com/nutrislice/mandrill-webhook-redirector, mandrill-webhook-redirector/webhook-router.py
https://github.com/bazerk/baz-flask-base, baz-flask-base/app/app.py
https://github.com/ryanolson/flask-couchdb-schematics, flask-couchdb-schematics/example/guestbook.py
https://github.com/nutrislice/mandrill-webhook-redirector, mandrill-webhook-redirector/webhook-router.py
https://github.com/nthfloor/Flask_learn, Flask_learn/login_system/flskr.py
https://github.com/mmcgahan/flask-labs-bb, flask-labs-bb/flask_labs/__init__.py
https://github.com/penpyt/flask-couchdb-auth, flask-couchdb-auth/example/guestbook.py
https://github.com/honestappalachia/honest_site, honest_site/run.py
https://github.com/rehandalal/flask-mobility, flask-mobility/flask_mobility/tests/test_decorators.py
https://github.com/flyingsparx/MongoFlask, MongoFlask/application.py
https://github.com/fabionatali/DigiWebStats, DigiWebStats/app.py
https://github.com/danielholmstrom/flask-alchemyview, flask-alchemyview/tests/test_with_flask_sqlalchemy.py
https://github.com/futuregrid/flask_cm, flask_cm/examples/forms/app.py
https://github.com/craneon/debutante, debutante/app.py
https://github.com/prabeesh/Paintapp-Javascript-Canvas-Flask, Paintapp-Javascript-Canvas-Flask/test.py
https://github.com/godber/flask-mobile-switch, flask-mobile-switch/missionops/missionops/__init__.py
https://github.com/prabeesh/Paintapp-Javascript-Canvas-Flask-MongoDB, Paintapp-Javascript-Canvas-Flask-MongoDB/test.py
https://github.com/soniacs/mockup-boot, mockup-boot/build.py
https://github.com/trustrachel/Flask-FeatureFlags, Flask-FeatureFlags/tests/fixtures.py
https://github.com/landakram/squeak, squeak/app.py
https://github.com/soniacs/cabinet, cabinet/app/__init__.py
https://github.com/prabeesh/Paintapp-Javascript-Canvas-Flask-MongoDB, Paintapp-Javascript-Canvas-Flask-MongoDB/test.py
https://github.com/landakram/squeak, squeak/app.py
https://github.com/flebel/yt-redirector, yt-redirector/yt-redirector.py
https://github.com/codergirl/flaskbabar, flaskbabar/hello.py
https://github.com/mykolasmith/flask-leaderboard, flask-leaderboard/leaderboard/__init__.py
https://github.com/elimgoodman/Personnel-Flask, Personnel-Flask/app/__init__.py
https://github.com/subdesign/temp_Flaskblog, temp_Flaskblog/app.py
https://github.com/maxcountryman/flask-simpleoauth, flask-simpleoauth/flask_simpleoauth/app.py
https://github.com/dorajistyle/proposal_center_python_flask_sqlalchemy_jade, proposal_center_python_flask_sqlalchemy_jade/application/__init__.py
https://github.com/fabin/Flask-Upload, Flask-Upload/upload/__init__.py
https://github.com/manuclementz/shrt, shrt/app.py
https://github.com/liontree/lemonbook, lemonbook/__init__.py
https://github.com/fabin/Flask-Upload, Flask-Upload/upload/__init__.py
https://github.com/Treeki/bitBoard, bitBoard/bitBoard/__init__.py
https://github.com/marcilioleite/flask-saude, flask-saude/app/__init__.py
https://github.com/lepture/flask-oauthlib, flask-oauthlib/flask_oauthlib/provider/oauth1.py
https://github.com/plastboks/Flaskmarks, Flaskmarks/flaskmarks/__init__.py
https://github.com/AlexeyMK/gglto_flask, gglto_flask/gglto.py
https://github.com/sammyrulez/flask-grolla, flask-grolla/tests.py
https://github.com/Joinhack/agent, agent/flask_sqlalchemy.py
https://github.com/raejoon/lype-flask, lype-flask/lyre.py
https://github.com/jmsalcido/python-flask-microblog, python-flask-microblog/microblog/app/__init__.py
https://github.com/nausheenfatma/WebAppWithFlask, WebAppWithFlask/model.py
https://github.com/RicoChou/MyFlasky, MyFlasky/app/__init__.py
https://github.com/heamon7/learn-restful, learn-restful/app.py
https://github.com/mauriciorey/learning_flask, learning_flask/routes.py
https://github.com/rookiebulls/flask-learn, flask-learn/app/__init__.py
https://github.com/FinleySmile/flask_blog_demo, flask_blog_demo/flask_blog_demo.py
https://github.com/RodrigoVillatoro/flask_social_network, flask_social_network/app/__init__.py
https://github.com/nausheenfatma/WebAppWithFlask, WebAppWithFlask/model.py
https://github.com/sheldonsmickley/flaskemail_app, flaskemail_app/emails.py
https://github.com/shas15/Betting-Chips, Betting-Chips/test.py
https://github.com/soasme/flask-perm, flask-perm/example.py
https://github.com/hnb2/flask-customers, flask-customers/customers/__init__.py
https://github.com/LeonNie52/Learn_Flask, Learn_Flask/hello.py
https://github.com/mauriciorey/learning_flask, learning_flask/routes.py
https://github.com/nivanko/flask-catalog, flask-catalog/application.py
https://github.com/aetherwu/Flask-Docker-Template, Flask-Docker-Template/flask/web/__init__.py
https://github.com/AngelMunoz/Flask-Blueprints-Template, Flask-Blueprints-Template/app/__init__.py
https://github.com/posenberg/Flask-Kickstarter-Clone, Flask-Kickstarter-Clone/punchstarter/__init__.py
https://github.com/pythonvietnam/meetup01-flask, meetup01-flask/hello_world.py
https://github.com/shane-kercheval/flask-postgresql-template, flask-postgresql-template/app_factory.py
https://github.com/soasme/flask-personal-access-token, flask-personal-access-token/example.py
https://github.com/YoungGer/FlaskApps, FlaskApps/pdClassifier/app.py
https://github.com/nivanko/flask-catalog, flask-catalog/application.py
https://github.com/saviour123/flaskStudentData, flaskStudentData/app.py
https://github.com/QLGu/flask-zhihu-demo, flask-zhihu-demo/www/__init__.py
https://github.com/jkravanja/paypal_flask_payment, paypal_flask_payment/payment.py
https://github.com/tolmun/flask-ng-sample, flask-ng-sample/project/__init__.py
https://github.com/AngelMunoz/Flask-Blueprints-Template, Flask-Blueprints-Template/app/__init__.py
https://github.com/graphql-python/flask-graphql, flask-graphql/tests/app.py
https://github.com/AnshuOnGit/FlaskServices, FlaskServices/read_file.py
https://github.com/shank7485/Flask-APIs, Flask-APIs/APIs/__init__.py
https://github.com/mattyait/Flask_webapp, Flask_webapp/routes.py
https://github.com/info3180/python-flask-example, python-flask-example/hello.py
https://github.com/imperio-wxm/flask-learn, flask-learn/app/myapp/__init__.py
https://github.com/msopentechcn/aad-graphapi-flask-demo, aad-graphapi-flask-demo/app.py
https://github.com/awind/FlaskRestful, FlaskRestful/app/__init__.py
https://github.com/hbldh/flask-pybankid, flask-pybankid/flask_pybankid.py
https://github.com/mattyait/Flask_webapp, Flask_webapp/routes.py
https://github.com/njnr/onece, onece/app/__init__.py
https://github.com/IvanBodnar/fromzero_flask_blog, fromzero_flask_blog/__init__.py
https://github.com/nescode/punchstarter, punchstarter/punchstarter/__init__.py
https://github.com/AllyW/flaskyDeb, flaskyDeb/app/__init__.py
https://github.com/TwilioDevEd/eta-notifications-flask, eta-notifications-flask/eta_notifications_flask/__init__.py
https://github.com/yetship/flask-usages, flask-usages/application/__init__.py
https://github.com/cynrick/kickstarter-flask, kickstarter-flask/kickstarter/__init__.py
https://github.com/ubbochum/hb2_flask, hb2_flask/hb2_flask.py
https://github.com/billyfung/flask_shortener, flask_shortener/app.py
https://github.com/AllyW/flaskyDeb, flaskyDeb/app/__init__.py
https://github.com/asimonia/FlaskJeopardy, FlaskJeopardy/app/__init__.py
https://github.com/yetship/flask-usages, flask-usages/application/__init__.py
https://github.com/materialsvirtuallab/flamyngo, flamyngo/flamyngo/app.py
https://github.com/Upflask/Upflask, Upflask/server.py
https://github.com/billyfung/flask_shortener, flask_shortener/app.py
https://github.com/boydjohnson/flasktwilio, flasktwilio/app.py
https://github.com/s-kovacevic/elearning-flask, elearning-flask/main.py
https://github.com/xpleaf/flask_catalog, flask_catalog/my_app/__init__.py
https://github.com/poppuyo/FlaskUrlShortener, FlaskUrlShortener/FlaskUrlShortener/urlshortener.py
https://github.com/HYL13/flask_project_0, flask_project_0/app/__init__.py
https://github.com/kfiras/cloudfoundry-flask-webservice, cloudfoundry-flask-webservice/app.py
https://github.com/ssam123/flask-blog-tutorial, flask-blog-tutorial/__init__.py
https://github.com/kcunning/flask-class-c9, flask-class-c9/flaskclass/app/__init__.py
https://github.com/MarHelen/FlaskLogin, FlaskLogin/sql_declarative.py
https://github.com/kloudsec/py-webkit2png-flask-api, py-webkit2png-flask-api/api/app.py
https://github.com/s-kovacevic/elearning-flask, elearning-flask/main.py
https://github.com/rholmes69/flasky2_1, flasky2_1/app/__init__.py
https://github.com/ChellsChen/FlaskSocketIOChart, FlaskSocketIOChart/app/__init__.py
https://github.com/jcerise/openspacesboard-python, openspacesboard-python/osbp_app/__init__.py
https://github.com/icecraft/ZhiHuDaemon, ZhiHuDaemon/app/__init__.py
https://github.com/liuenyan/micro-flask-blog, micro-flask-blog/app/__init__.py
https://github.com/NJIT-SIG-WEBDEV/Flask-URL-Shortner, Flask-URL-Shortner/app.py
https://github.com/commandknight/cs125-fooddy-flask, cs125-fooddy-flask/fooddy2.py
https://github.com/sinscary/Flask-Social-Networking, Flask-Social-Networking/app.py
https://github.com/danleyb2/flaskMe, flaskMe/flaskREST.py
https://github.com/asielen/Woodles_Flask, Woodles_Flask/app/__init__.py
https://github.com/honmaple/flask-word, flask-word/app/__init__.py
https://github.com/textbook/flask-forecaster, flask-forecaster/flask_forecaster/flask_app.py
https://github.com/Ty-WDFW/Flask-Tickets, Flask-Tickets/main.py
https://github.com/ChellsChen/FlaskSocketIOChart, FlaskSocketIOChart/app/__init__.py
https://github.com/liuenyan/micro-flask-blog, micro-flask-blog/app/__init__.py
https://github.com/GreatBedAwake/flask_lab_web, flask_lab_web/app/__init__.py
https://github.com/arvvvs/Flask-Practice-Metis-Delivery, Flask-Practice-Metis-Delivery/app.py
https://github.com/asielen/Woodles_Flask, Woodles_Flask/app/__init__.py
https://github.com/tanzhixu/Flask-oauth, Flask-oauth/app/__init__.py
https://github.com/guilleJB/flask-web-book, flask-web-book/hello.py
https://github.com/mnzr/Flask-Blueprint-test, Flask-Blueprint-test/app/__init__.py
https://github.com/PeggyZWY/blog-with-flask, blog-with-flask/app/__init__.py
https://github.com/TheCypher/flask-boiler-plate, flask-boiler-plate/app/__init__.py
https://github.com/mullaned/Flask-Test, Flask-Test/flask_test.py
https://github.com/rgsingh/flask-timetrack, flask-timetrack/app/__init__.py
https://github.com/f-guitart/progcoms3-flask, progcoms3-flask/app.py
https://github.com/stalwart201/flaskimgupload, flaskimgupload/upload.py
https://github.com/KotiyaSenya/FlaskLearn, FlaskLearn/flask_learn/__init__.py
https://github.com/lkpanganiban/flask-rest-example, flask-rest-example/app.py
https://github.com/Christomas/i_dev_flask, i_dev_flask/app/__init__.py
https://github.com/gene1wood/flaskoktaapp, flaskoktaapp/flaskoktaapp/__init__.py
https://github.com/kosen10spajam/f-flask, f-flask/main.py
https://github.com/engfilipe/curso_flask, curso_flask/photolog/__init__.py
https://github.com/lockie/flask_ldap, flask_ldap/index.py
https://github.com/ol3j/azureday-flask, azureday-flask/FlaskWebProject/__init__.py
https://github.com/kaslemr/sample_flask_project, sample_flask_project/app2.py
https://github.com/yobuntu/laboratory, laboratory/laboratory/fooflask.py
https://github.com/mion00/flaskSQLAlchemy, flaskSQLAlchemy/app.py
https://github.com/spring3th/flask-blogdemo, flask-blogdemo/app/__init__.py
https://github.com/markchodges/mastering-flask, mastering-flask/webapp/__init__.py
https://github.com/zhaokefei/web_flask, web_flask/app/__init__.py
https://github.com/WhiteShirts/windowsflask, windowsflask/flasky/app/__init__.py
https://github.com/martinpeck/bedlam-slack, bedlam-slack/bedlam_slack/__init__.py
https://github.com/kud-i/FlaskRestAPI, FlaskRestAPI/REST_API.py
https://github.com/ZAGJAB/Flask_OAuth2, Flask_OAuth2/app.py
https://github.com/cbeasley92/Flask-REST-API-Testing, Flask-REST-API-Testing/rest_api.py
https://github.com/zelinlee0303/python-flask-mysql, python-flask-mysql/app/__init__.py
https://github.com/AMontalva/flask-thinkful-api, flask-thinkful-api/posts/__init__.py
https://github.com/erk52/FlaskDynamics, FlaskDynamics/view.py
https://github.com/marvelaz/Flask_python, Flask_python/app.py
https://github.com/yaoice/flask-micblog, flask-micblog/micblog/app/__init__.py
https://github.com/NixonInnes/Flask-Calendar, Flask-Calendar/app/__init__.py
https://github.com/tageee/Blog, Blog/app/__init__.py
https://github.com/ifwenvlook/flask-celery, flask-celery/app.py
https://github.com/kindoprec/flask-boot, flask-boot/app.py
https://github.com/AuthentiqID/examples-flask, examples-flask/example_basic.py
https://github.com/jlberzal/Flask-User, Flask-User/example_apps/multi_email_app.py
https://github.com/kstripp/flask-crud, flask-crud/app/__init__.py
https://github.com/singleyoungtao/myblog-flask, myblog-flask/app/__init__.py
https://github.com/NJUPole/Flask_tickets, Flask_tickets/tickets.py
https://github.com/tageee/Blog, Blog/app/__init__.py
https://github.com/zzq2015/myFirstWeb, myFirstWeb/hello/app/__init__.py
https://github.com/vishwanath79/FlaskRestAPI, FlaskRestAPI/rest.py
https://github.com/catmin/flask49erStore, flask49erStore/flask49erStore.py
https://github.com/viprs/FlaskyBlog, FlaskyBlog/app/__init__.py
https://github.com/kindoprec/flask-boot, flask-boot/app.py
https://github.com/jlberzal/Flask-User, Flask-User/example_apps/multi_email_app.py
https://github.com/hufan-Akari/BookLibrary, BookLibrary/app/__init__.py
https://github.com/responsible/Flask-Restful-Role-Auth, Flask-Restful-Role-Auth/App/__init__.py
https://github.com/miguelgrinberg/flack, flack/flack/__init__.py
https://github.com/TwilioDevEd/sms2fa-flask, sms2fa-flask/sms2fa_flask/__init__.py
https://github.com/chestnutme/flaskie, flaskie/app/__init__.py
https://github.com/ibrahimirdem/flask-numaradan-isim, flask-numaradan-isim/app.py
https://github.com/bigzhao/Flask-Tasks, Flask-Tasks/flasktask/app/__init__.py
https://github.com/balalay12/flask-cachlka, flask-cachlka/app/__init__.py
https://github.com/Lypzero/flask_studing, flask_studing/app/__init__.py
https://github.com/gekorob/liebraryrest, liebraryrest/liebraryrest/app.py
https://github.com/Skycker/lsa-flask-preview, lsa-flask-preview/lsa-flask-preview.py
https://github.com/sisyphus1993/flaskreview, flaskreview/app/__init__.py
https://github.com/sajjadAI/FlaskSocial, FlaskSocial/app.py
https://github.com/kua-hosi-GRUp/Flask-Bones, Flask-Bones/app/__init__.py
https://github.com/liyocee/flask_biggy, flask_biggy/app/__init__.py
https://github.com/jake-bladt/flasksandbox, flasksandbox/app/app.py
https://github.com/er3456qi/FlaskPolls, FlaskPolls/polls/__init__.py
https://github.com/nad2000/Flask-Timesheets, Flask-Timesheets/__init__.py
https://github.com/yitingfan/flask-adminlte, flask-adminlte/app/__init__.py
https://github.com/ByakuyaKuchiki/firstFlask, firstFlask/app/__init__.py
https://github.com/sarosicami/ReviewerFlask, ReviewerFlask/rest_server.py
https://github.com/Theviajerock/mvaFlask, mvaFlask/app.py
https://github.com/renejahn/flask-fastbill, flask-fastbill/test_basics.py
https://github.com/charup/Python_Flask, Python_Flask/hello_dynamicVar.py
https://github.com/pazzo83/restaurant_reservation_flask, restaurant_reservation_flask/app/__init__.py
https://github.com/zjyExcelsior/Flask-Login-examples, Flask-Login-examples/myapp/__init__.py
https://github.com/Blockshare/blockshare-flask-template, blockshare-flask-template/app/__init__.py
https://github.com/bwghughes/flaskdev, flaskdev/hello.py
https://github.com/halilkaya/pymock, pymock/app.py
https://github.com/yitingfan/flask-adminlte, flask-adminlte/app/__init__.py
https://github.com/smirnov-am/flask-ablog, flask-ablog/app/__init__.py
https://github.com/charup/Python_Flask, Python_Flask/hello_dynamicVar.py
https://github.com/Blockshare/blockshare-flask-template, blockshare-flask-template/app/__init__.py
https://github.com/lpty/a-web-use-flask, a-web-use-flask/app/__init__.py
https://github.com/lixutang/Python_Web_Flask, Python_Web_Flask/app/__init__.py
https://github.com/William0423/flaskybooklearn, flaskybooklearn/app/__init__.py
https://github.com/getser/flaskapiblog, flaskapiblog/__init__.py
https://github.com/kirazz/flaskywebblog, flaskywebblog/PycharmProjects/webblog/app/__init__.py
https://github.com/pbabik/flask-lipsum, flask-lipsum/app.py
https://github.com/encima/flask-task, flask-task/app/__init__.py
https://github.com/DivisionMax/mover-flask, mover-flask/index.py
https://github.com/TunedMystic/docker-flask-base, docker-flask-base/app/app.py
https://github.com/getser/flaskapiblog, flaskapiblog/__init__.py
https://github.com/gabrielssilva/flasktasks, flasktasks/flasktasks/__init__.py
https://github.com/dodoru/flask_bbs, flask_bbs/src/app.py
https://github.com/lbatalha/imagething, imagething/main.py
https://github.com/ArtemKran/site_on_flask, site_on_flask/app/__init__.py
https://github.com/postrational/rest_api_demo, rest_api_demo/rest_api_demo/app.py
https://github.com/DanceCats/DanceCat, DanceCat/DanceCat/__init__.py
https://github.com/juanferreira/social-flask, social-flask/app.py
https://github.com/dodoru/flask_bbs, flask_bbs/src/app.py
https://github.com/decentfox/relask, relask/example/sqlalchemy/relasksa/__init__.py
https://github.com/spenserhale/social-network-flask, social-network-flask/app.py
https://github.com/arajago6/flask-json-api, flask-json-api/app.py
https://github.com/kmalfatti/library-flask-app, library-flask-app/app.py
https://github.com/Millyn/flask_py3_hr, flask_py3_hr/app/__init__.py
https://github.com/13923858795/Tutorial, Tutorial/my/app/__init__.py
https://github.com/feocco/flaskLab, flaskLab/app.py
https://github.com/umutcoskun/flask-ready, flask-ready/src/app/__init__.py
https://github.com/novking/Flask_AWS, Flask_AWS/PlagiarismDefender/home.py
https://github.com/natfoster82/flask-alcohol, flask-alcohol/example/app.py
https://github.com/Nonja/FlaskArticleSearchNYT, FlaskArticleSearchNYT/app/__init__.py
https://github.com/stephenjjones/flask-auth-service, flask-auth-service/app/__init__.py
https://github.com/thomasobrien99/flask-movie-crud, flask-movie-crud/app.py
https://github.com/kmalfatti/library-flask-app, library-flask-app/app.py
https://github.com/aaossa/flask-openshift, flask-openshift/flask_openshift_template.py
https://github.com/Qqlick/flaskRP, flaskRP/flaskRP.py
https://github.com/coder-zhuyu/flask-framework, flask-framework/app/__init__.py
https://github.com/stephenjjones/flask-auth-service, flask-auth-service/app/__init__.py
https://github.com/learningpython08/flask-file-sharing, flask-file-sharing/upload/handlers.py
https://github.com/beibeiyang/cf-flask-bokeh-demo, cf-flask-bokeh-demo/stocks.py
https://github.com/Athsheep/Flask_Web_Development, Flask_Web_Development/app/__init__.py
https://github.com/Kontiomaa/flask-sqlalchemy-demo, flask-sqlalchemy-demo/app.py
https://github.com/PythonWorkshop/TensorFlowFlask, TensorFlowFlask/main.py
https://github.com/cooleo/flask-cassandra, flask-cassandra/app/__init__.py
https://github.com/ja8zyjits/redis-flask, redis-flask/flask_app.py
https://github.com/botheredbybees/flask-rss, flask-rss/headlines.py
https://github.com/wwpika/flaskww, flaskww/app/__init__.py
https://github.com/aig-/flask_google, flask_google/app.py
https://github.com/dhan12/Flaskblog, Flaskblog/run.py
https://github.com/Wangbicong/flask-newspaper, flask-newspaper/app/__init__.py
https://github.com/welserjr/Flask_Recaptcha, Flask_Recaptcha/app.py
https://github.com/brevno/test_pg_flask, test_pg_flask/app/__init__.py
https://github.com/feistiller/LearnPythonFlask, LearnPythonFlask/Demo1HelloWorld.py
https://github.com/afropolymath/papers, papers/api/__init__.py
https://github.com/Eyali1001/flaskcalculator, flaskcalculator/calculator.py
https://github.com/nenodias/flask-webservice, flask-webservice/app.py
https://github.com/aripddev/cms_flask, cms_flask/app/__init__.py
https://github.com/XiongZhijun/simple-flask, simple-flask/app/app.py
https://github.com/brizow/FlaskTriviaApp, FlaskTriviaApp/FlaskWebProject1/__init__.py
https://github.com/Chi-Qingjun/FlaskWechatDev, FlaskWechatDev/app/__init__.py
https://github.com/NexusRJ/react_flask_blog, react_flask_blog/app/__init__.py
https://github.com/jordanagreen/flask-todo-lists, flask-todo-lists/app.py
https://github.com/sampathweb/ml-cookiecutter-starter-flask-app, ml-cookiecutter-starter-flask-app/{{cookiecutter.repo_name}}/app/__init__.py
https://github.com/thippo/FlaskFrame, FlaskFrame/myweb/__init__.py
https://github.com/fantingdong/flasky1, flasky1/app/__init__.py
https://github.com/wccosby/flaskML, flaskML/app/__init__.py
https://github.com/nenodias/flask-webservice, flask-webservice/app.py
https://github.com/kwin-wang/flask-learn, flask-learn/hello.py
https://github.com/xawei/flask_gw, flask_gw/app/__init__.py
https://github.com/NataKuskova/Classwork_flask, Classwork_flask/script.py
https://github.com/BadSol/flask-vendor, flask-vendor/vendor/__init__.py
https://github.com/csyouk/faust-register-py, faust-register-py/register_server.py
https://github.com/lizTheDeveloper/__g26_flask, __g26_flask/model.py
https://github.com/thippo/FlaskFrame, FlaskFrame/myweb/__init__.py
https://github.com/JonathanFrederick/flask-cards, flask-cards/app.py
https://github.com/crhowell/plj-flask, plj-flask/app.py
https://github.com/HCT118/Flask-web, Flask-web/app/__init__.py
https://github.com/shutdown57/learning_flask, learning_flask/src/app.py
https://github.com/GuanYQ0926/flask-restful, flask-restful/app.py
https://github.com/kuaiwu/MyFlask, MyFlask/app/__init__.py
https://github.com/upbit/flask_whiteboard, flask_whiteboard/main.py
https://github.com/lieuhon/First-Flask, First-Flask/app/__init__.py
https://github.com/csyouk/faust-register-py, faust-register-py/register_server.py
https://github.com/allbegray/flask_mvc, flask_mvc/app.py
https://github.com/Kentovski/Flask_Battlefield, Flask_Battlefield/server.py
https://github.com/tjgrist/Flask-psql, Flask-psql/app.py
https://github.com/brizow/FlaskBookmarkSite, FlaskBookmarkSite/FlaskAdvancedTutorial/FlaskAdvancedTutorial/__init__.py
https://github.com/roselmamendes/security-on-flask, security-on-flask/black_girls/black_girls_app.py
https://github.com/EenTang/flaskdev, flaskdev/app/__init__.py
https://github.com/harish-rajendran/Flask-Project, Flask-Project/routes.py
https://github.com/gunavara/guniFlask, guniFlask/app.py
https://github.com/yuriymironov96/flask-webservice, flask-webservice/app/__init__.py
https://github.com/sternmatt/FLASK_DEMO, FLASK_DEMO/app.py
https://github.com/andbraga/ProbotFlask, ProbotFlask/flask_starter/flaskstarter/__init__.py
https://github.com/xxxxsars/Flask_SQLite, Flask_SQLite/draw_member.py
https://github.com/qqxx6661/micblog, micblog/app/__init__.py
https://github.com/kkweon/price_alert_flask, price_alert_flask/src/app.py
https://github.com/artempronevskiy/Small-test-Flask-app, Small-test-Flask-app/main.py
https://github.com/ajeyamk/flask-python-epoch, flask-python-epoch/controller.py
https://github.com/YuiJL/myweblog, myweblog/www/app/__init__.py
https://github.com/harish-rajendran/Flask-Project, Flask-Project/routes.py
https://github.com/hazybluedot/indie_flask, indie_flask/indie_flask/__init__.py
https://github.com/sternmatt/FLASK_DEMO, FLASK_DEMO/app.py
https://github.com/breezeofjune/flask-todolist, flask-todolist/todolist/app/__init__.py
https://github.com/antoniocsz/LivroFlask, LivroFlask/app/__init__.py
https://github.com/Ben0mega/SimpleFlaskWiki, SimpleFlaskWiki/main.py
https://github.com/vimalloc/flask-jwt-extended, flask-jwt-extended/examples/simple.py
https://github.com/jehuston/text_classifier, text_classifier/app.py
https://github.com/mcquam/flasky2, flasky2/app/__init__.py
https://github.com/Lijin111/Flask-Web, Flask-Web/Flask.py
https://github.com/Atheloses/Flask-Bones, Flask-Bones/app/__init__.py
https://github.com/KingOkay/flask-book, flask-book/app/__init__.py
https://github.com/buttercms/buttercms-flask, buttercms-flask/app.py
https://github.com/MagicRoc/flaskoc, flaskoc/hello.py
https://github.com/TangXinCN/flaskdev, flaskdev/app/__init__.py
https://github.com/Caynosadler/user-Authentication-using-flask, user-Authentication-using-flask/register.py
https://github.com/luolidong/SaltFlask, SaltFlask/app/__init__.py
https://github.com/Atheloses/Flask-Bones, Flask-Bones/app/__init__.py
https://github.com/KingOkay/flask-book, flask-book/app/__init__.py
https://github.com/imhuwq/read_flask, read_flask/app/__init__.py
https://github.com/Horla74/Flask-bbs, Flask-bbs/app.py
https://github.com/clivegross/flask-usermgr, flask-usermgr/app/__init__.py
https://github.com/garibo/Flask-Social, Flask-Social/app.py
https://github.com/clivegross/flask-usermgr, flask-usermgr/app/__init__.py
https://github.com/dhurataK/flask_mysql, flask_mysql/email_validation_with_db/server.py
https://github.com/Urumasi/Flask-Bones, Flask-Bones/app/__init__.py
https://github.com/ysalimi/flaskRestCrud, flaskRestCrud/project/__init__.py
https://github.com/mustafawm/Flask-LocationApp, Flask-LocationApp/routes.py
https://github.com/Original-heapsters/FlaskPortal, FlaskPortal/Portal_Main/app.py
https://github.com/neilmaldy/flask_upload, flask_upload/test.py